{
  "id": "1744253",
  "name": "douban",
  "font_family": "iconfont",
  "css_prefix_text": "icon-",
  "description": "",
  "glyphs": [
    {
      "icon_id": "1724895",
      "name": "星星",
      "font_class": "xingxing1",
      "unicode": "e610",
      "unicode_decimal": 58896
    },
    {
      "icon_id": "5226923",
      "name": "星星",
      "font_class": "xingxing",
      "unicode": "e646",
      "unicode_decimal": 58950
    },
    {
      "icon_id": "11372720",
      "name": "想看",
      "font_class": "xiangkan",
      "unicode": "e8bc",
      "unicode_decimal": 59580
    },
    {
      "icon_id": "14018734",
      "name": "我 的",
      "font_class": "wode-copy",
      "unicode": "e698",
      "unicode_decimal": 59032
    },
    {
      "icon_id": "14018377",
      "name": "我 的",
      "font_class": "wode-copy1",
      "unicode": "e697",
      "unicode_decimal": 59031
    },
    {
      "icon_id": "4035479",
      "name": "榜单",
      "font_class": "bangdan1",
      "unicode": "e612",
      "unicode_decimal": 58898
    },
    {
      "icon_id": "14018370",
      "name": "榜单",
      "font_class": "bangdan1-copy",
      "unicode": "e696",
      "unicode_decimal": 59030
    },
    {
      "icon_id": "5227439",
      "name": "爆米花",
      "font_class": "baomihua",
      "unicode": "e622",
      "unicode_decimal": 58914
    },
    {
      "icon_id": "14017221",
      "name": "爆米花",
      "font_class": "baomihua-copy",
      "unicode": "e694",
      "unicode_decimal": 59028
    },
    {
      "icon_id": "554106",
      "name": "搜索",
      "font_class": "iconset0157",
      "unicode": "e638",
      "unicode_decimal": 58936
    },
    {
      "icon_id": "575252",
      "name": "右",
      "font_class": "iconfonxiao71",
      "unicode": "e648",
      "unicode_decimal": 58952
    },
    {
      "icon_id": "2331756",
      "name": "音乐",
      "font_class": "yinle",
      "unicode": "e683",
      "unicode_decimal": 59011
    },
    {
      "icon_id": "12184397",
      "name": "读书",
      "font_class": "dushu",
      "unicode": "e663",
      "unicode_decimal": 58979
    },
    {
      "icon_id": "13103637",
      "name": "观影记录",
      "font_class": "guanyingjilu",
      "unicode": "e692",
      "unicode_decimal": 59026
    }
  ]
}
